[{"model": "core.standardservice", "pk": 26, "fields": {"category": 1, "name": "ТО-1 (базовое)", "slug": "то-1-базовое", "description": "Замена масла, фильтров, проверка основных систем", "is_active": true, "created_at": "2025-07-27T19:50:23.131Z"}}, {"model": "core.standardservice", "pk": 27, "fields": {"category": 1, "name": "ТО-2 (расширенное)", "slug": "то-2-расширенное", "description": "Полная диагностика, замена расходников, регулировки", "is_active": true, "created_at": "2025-07-27T19:50:23.142Z"}}, {"model": "core.standardservice", "pk": 28, "fields": {"category": 1, "name": "Замена масла", "slug": "замена-масла", "description": "Замена моторного масла и масляного фильтра", "is_active": true, "created_at": "2025-07-27T19:50:23.153Z"}}, {"model": "core.standardservice", "pk": 29, "fields": {"category": 1, "name": "Предпродажная подготовка", "slug": "предпродажная-подготовка", "description": "Комплексная подготовка автомобиля к продаже", "is_active": true, "created_at": "2025-07-27T19:50:23.162Z"}}, {"model": "core.standardservice", "pk": 30, "fields": {"category": 2, "name": "Замена свечей зажигания", "slug": "замена-свечей-зажигания", "description": "Замена комплекта свечей зажигания", "is_active": true, "created_at": "2025-07-27T19:50:23.174Z"}}, {"model": "core.standardservice", "pk": 31, "fields": {"category": 2, "name": "Ремонт ГБЦ", "slug": "ремонт-гбц", "description": "Снятие, разборка, ремонт и установка головки блока цилиндров", "is_active": true, "created_at": "2025-07-27T19:50:23.188Z"}}, {"model": "core.standardservice", "pk": 32, "fields": {"category": 2, "name": "Замена ремня ГРМ", "slug": "замена-ремня-грм", "description": "Замена ремня газораспределительного механизма", "is_active": true, "created_at": "2025-07-27T19:50:23.205Z"}}, {"model": "core.standardservice", "pk": 33, "fields": {"category": 2, "name": "Диагностика двигателя", "slug": "диагностика-двигателя", "description": "Комплексная диагностика работы двигателя", "is_active": true, "created_at": "2025-07-27T19:50:23.222Z"}}, {"model": "core.standardservice", "pk": 34, "fields": {"category": 2, "name": "Замена цепи ГРМ", "slug": "замена-цепи-грм", "description": "Замена цепи газораспределительного механизма", "is_active": true, "created_at": "2025-07-27T19:50:23.235Z"}}, {"model": "core.standardservice", "pk": 35, "fields": {"category": 3, "name": "Шиномонтаж 4 колеса", "slug": "шиномонтаж-4-колеса", "description": "Снятие старых шин, установка новых, балансировка", "is_active": true, "created_at": "2025-07-27T19:50:23.246Z"}}, {"model": "core.standardservice", "pk": 36, "fields": {"category": 3, "name": "Балансировка колес", "slug": "балансировка-колес", "description": "Балансировка 4 колес на компьютерном стенде", "is_active": true, "created_at": "2025-07-27T19:50:23.257Z"}}, {"model": "core.standardservice", "pk": 37, "fields": {"category": 3, "name": "Ремонт прокола", "slug": "ремонт-прокола", "description": "Ремонт прокола бескамерной шины", "is_active": true, "created_at": "2025-07-27T19:50:23.267Z"}}, {"model": "core.standardservice", "pk": 38, "fields": {"category": 3, "name": "Развал-схождение", "slug": "развал-схождение", "description": "Регулировка углов установки колес", "is_active": true, "created_at": "2025-07-27T19:50:23.277Z"}}, {"model": "core.standardservice", "pk": 39, "fields": {"category": 3, "name": "Замена камеры", "slug": "замена-камеры", "description": "Замена камеры в камерной шине", "is_active": true, "created_at": "2025-07-27T19:50:23.288Z"}}, {"model": "core.standardservice", "pk": 40, "fields": {"category": 4, "name": "Компьютерная диагностика", "slug": "компьютерная-диагностика", "description": "Диагностика всех систем автомобиля сканером", "is_active": true, "created_at": "2025-07-27T19:50:23.300Z"}}, {"model": "core.standardservice", "pk": 41, "fields": {"category": 4, "name": "Диагностика подвески", "slug": "диагностика-подвески", "description": "Диагностика элементов подвески на стенде", "is_active": true, "created_at": "2025-07-27T19:50:23.311Z"}}, {"model": "core.standardservice", "pk": 42, "fields": {"category": 4, "name": "Диагностика тормозной системы", "slug": "диагностика-тормозной-системы", "description": "Проверка тормозной системы на стенде", "is_active": true, "created_at": "2025-07-27T19:50:23.321Z"}}, {"model": "core.standardservice", "pk": 43, "fields": {"category": 5, "name": "Покраска элемента", "slug": "покраска-элемента", "description": "Покраска одного элемента кузова", "is_active": true, "created_at": "2025-07-27T19:50:23.329Z"}}, {"model": "core.standardservice", "pk": 44, "fields": {"category": 5, "name": "Рихтовка", "slug": "рихтовка", "description": "Рихтовка поврежденного элемента кузова", "is_active": true, "created_at": "2025-07-27T19:50:23.339Z"}}, {"model": "core.standardservice", "pk": 45, "fields": {"category": 5, "name": "Полировка кузова", "slug": "полировка-кузова", "description": "Полная полировка кузова автомобиля", "is_active": true, "created_at": "2025-07-27T19:50:23.348Z"}}, {"model": "core.standardservice", "pk": 46, "fields": {"category": 5, "name": "Антикоррозийная обработка", "slug": "антикоррозийная-обработка", "description": "Обработка кузова антикоррозийными составами", "is_active": true, "created_at": "2025-07-27T19:50:23.359Z"}}, {"model": "core.standardservice", "pk": 47, "fields": {"category": 6, "name": "Замена аккумулятора", "slug": "замена-аккумулятора", "description": "Замена аккумуляторной батареи", "is_active": true, "created_at": "2025-07-27T19:50:23.369Z"}}, {"model": "core.standardservice", "pk": 48, "fields": {"category": 6, "name": "Ремонт генератора", "slug": "ремонт-генератора", "description": "Диагностика и ремонт генератора", "is_active": true, "created_at": "2025-07-27T19:50:23.378Z"}}, {"model": "core.standardservice", "pk": 49, "fields": {"category": 6, "name": "Ремонт стартера", "slug": "ремонт-стартера", "description": "Диагностика и ремонт стартера", "is_active": true, "created_at": "2025-07-27T19:50:23.389Z"}}, {"model": "core.standardservice", "pk": 50, "fields": {"category": 6, "name": "Замена лампочек", "slug": "замена-лампочек", "description": "Замена ламп в фарах и габаритах", "is_active": true, "created_at": "2025-07-27T19:50:23.400Z"}}, {"model": "core.standardservice", "pk": 51, "fields": {"category": 7, "name": "Замена тормозных колодок", "slug": "замена-тормозных-колодок", "description": "Замена передних или задних тормозных колодок", "is_active": true, "created_at": "2025-07-27T19:50:23.411Z"}}, {"model": "core.standardservice", "pk": 52, "fields": {"category": 7, "name": "Замена тормозных дисков", "slug": "замена-тормозных-дисков", "description": "Замена тормозных дисков передней или задней оси", "is_active": true, "created_at": "2025-07-27T19:50:23.423Z"}}, {"model": "core.standardservice", "pk": 53, "fields": {"category": 7, "name": "Прокачка тормозов", "slug": "прокачка-тормозов", "description": "Замена тормозной жидкости и прокачка системы", "is_active": true, "created_at": "2025-07-27T19:50:23.433Z"}}, {"model": "core.standardservice", "pk": 54, "fields": {"category": 7, "name": "Замена тормозных шлангов", "slug": "замена-тормозных-шлангов", "description": "Замена гибких тормозных шлангов", "is_active": true, "created_at": "2025-07-27T19:50:23.443Z"}}, {"model": "core.standardservice", "pk": 55, "fields": {"category": 8, "name": "Замена амортизаторов", "slug": "замена-амортизаторов", "description": "Замена амортизаторов передней или задней оси", "is_active": true, "created_at": "2025-07-27T19:50:23.455Z"}}, {"model": "core.standardservice", "pk": 56, "fields": {"category": 8, "name": "Замена стоек стабилизатора", "slug": "замена-стоек-стабилизатора", "description": "Замена стоек стабилизатора поперечной устойчивости", "is_active": true, "created_at": "2025-07-27T19:50:23.465Z"}}, {"model": "core.standardservice", "pk": 57, "fields": {"category": 8, "name": "Замена сайлентблоков", "slug": "замена-сайлентблоков", "description": "Замена резиновых втулок подвески", "is_active": true, "created_at": "2025-07-27T19:50:23.477Z"}}, {"model": "core.standardservice", "pk": 58, "fields": {"category": 8, "name": "Замена шаровых опор", "slug": "замена-шаровых-опор", "description": "Замена шаровых опор передней подвески", "is_active": true, "created_at": "2025-07-27T19:50:23.488Z"}}, {"model": "core.servicecategory", "pk": 1, "fields": {"name": "Техническое обслуживание", "slug": "to", "icon": "bi-gear", "description": "", "is_active": true, "created_at": "2025-07-27T17:45:18.579Z"}}, {"model": "core.servicecategory", "pk": 2, "fields": {"name": "Ремонт двигателя", "slug": "engine-repair", "icon": "bi-cpu", "description": "", "is_active": true, "created_at": "2025-07-27T17:45:18.589Z"}}, {"model": "core.servicecategory", "pk": 3, "fields": {"name": "Шиномонтаж", "slug": "tire-service", "icon": "bi-circle", "description": "", "is_active": true, "created_at": "2025-07-27T17:45:18.598Z"}}, {"model": "core.servicecategory", "pk": 4, "fields": {"name": "Диагностика", "slug": "diagnostics", "icon": "bi-search", "description": "", "is_active": true, "created_at": "2025-07-27T17:45:18.606Z"}}, {"model": "core.servicecategory", "pk": 5, "fields": {"name": "Кузовной ремонт", "slug": "body-repair", "icon": "bi-tools", "description": "", "is_active": true, "created_at": "2025-07-27T17:45:18.614Z"}}, {"model": "core.servicecategory", "pk": 6, "fields": {"name": "Электрика", "slug": "electrical", "icon": "bi-lightning", "description": "", "is_active": true, "created_at": "2025-07-27T17:45:18.623Z"}}, {"model": "core.servicecategory", "pk": 7, "fields": {"name": "Тормозная система", "slug": "brakes", "icon": "bi-stop-circle", "description": "", "is_active": true, "created_at": "2025-07-27T19:29:57.726Z"}}, {"model": "core.servicecategory", "pk": 8, "fields": {"name": "Подвеска", "slug": "suspension", "icon": "bi-arrows-vertical", "description": "", "is_active": true, "created_at": "2025-07-27T19:29:57.736Z"}}, {"model": "core.region", "pk": 1, "fields": {"name": "Калужская область", "slug": "40", "is_active": true, "created_at": "2025-07-14T10:25:55.752Z"}}, {"model": "core.region", "pk": 2, "fields": {"name": "Республика Адыгея", "slug": "01", "is_active": true, "created_at": "2025-08-04T20:33:50.601Z"}}, {"model": "core.region", "pk": 3, "fields": {"name": "Республика Башкортостан", "slug": "02", "is_active": true, "created_at": "2025-08-04T20:33:50.607Z"}}, {"model": "core.region", "pk": 4, "fields": {"name": "Республика Бурятия", "slug": "03", "is_active": true, "created_at": "2025-08-04T20:33:50.612Z"}}, {"model": "core.region", "pk": 5, "fields": {"name": "Республика Алтай", "slug": "04", "is_active": true, "created_at": "2025-08-04T20:33:50.618Z"}}, {"model": "core.region", "pk": 6, "fields": {"name": "Республика Дагестан", "slug": "05", "is_active": true, "created_at": "2025-08-04T20:33:50.623Z"}}, {"model": "core.region", "pk": 7, "fields": {"name": "Республика Ингушетия", "slug": "06", "is_active": true, "created_at": "2025-08-04T20:33:50.628Z"}}, {"model": "core.region", "pk": 8, "fields": {"name": "Кабардино-Балкарская Республика", "slug": "07", "is_active": true, "created_at": "2025-08-04T20:33:50.632Z"}}, {"model": "core.region", "pk": 9, "fields": {"name": "Республика Калмыкия", "slug": "08", "is_active": true, "created_at": "2025-08-04T20:33:50.638Z"}}, {"model": "core.region", "pk": 10, "fields": {"name": "Карачаево-Черкесская Республика", "slug": "09", "is_active": true, "created_at": "2025-08-04T20:33:50.643Z"}}, {"model": "core.region", "pk": 11, "fields": {"name": "Республика Карелия", "slug": "10", "is_active": true, "created_at": "2025-08-04T20:33:50.648Z"}}, {"model": "core.region", "pk": 12, "fields": {"name": "Республика Коми", "slug": "11", "is_active": true, "created_at": "2025-08-04T20:33:50.654Z"}}, {"model": "core.region", "pk": 13, "fields": {"name": "Республика Марий Эл", "slug": "12", "is_active": true, "created_at": "2025-08-04T20:33:50.658Z"}}, {"model": "core.region", "pk": 14, "fields": {"name": "Республика Мордовия", "slug": "13", "is_active": true, "created_at": "2025-08-04T20:33:50.664Z"}}, {"model": "core.region", "pk": 15, "fields": {"name": "Республика Саха (Якутия)", "slug": "14", "is_active": true, "created_at": "2025-08-04T20:33:50.669Z"}}, {"model": "core.region", "pk": 16, "fields": {"name": "Республика Северная Осетия — Алания", "slug": "15", "is_active": true, "created_at": "2025-08-04T20:33:50.674Z"}}, {"model": "core.region", "pk": 17, "fields": {"name": "Республика Татарстан", "slug": "16", "is_active": true, "created_at": "2025-08-04T20:33:50.679Z"}}, {"model": "core.region", "pk": 18, "fields": {"name": "Республика Тыва", "slug": "17", "is_active": true, "created_at": "2025-08-04T20:33:50.684Z"}}, {"model": "core.region", "pk": 19, "fields": {"name": "Удмуртская Республика", "slug": "18", "is_active": true, "created_at": "2025-08-04T20:33:50.689Z"}}, {"model": "core.region", "pk": 20, "fields": {"name": "Республика Хакасия", "slug": "19", "is_active": true, "created_at": "2025-08-04T20:33:50.694Z"}}, {"model": "core.region", "pk": 21, "fields": {"name": "Чеченская Республика", "slug": "20", "is_active": true, "created_at": "2025-08-04T20:33:50.699Z"}}, {"model": "core.region", "pk": 22, "fields": {"name": "Чувашская Республика", "slug": "21", "is_active": true, "created_at": "2025-08-04T20:33:50.704Z"}}, {"model": "core.region", "pk": 23, "fields": {"name": "Алтайский край", "slug": "22", "is_active": true, "created_at": "2025-08-04T20:33:50.709Z"}}, {"model": "core.region", "pk": 24, "fields": {"name": "Краснодарский край", "slug": "23", "is_active": true, "created_at": "2025-08-04T20:33:50.714Z"}}, {"model": "core.region", "pk": 25, "fields": {"name": "Красноярский край", "slug": "24", "is_active": true, "created_at": "2025-08-04T20:33:50.719Z"}}, {"model": "core.region", "pk": 26, "fields": {"name": "Приморский край", "slug": "25", "is_active": true, "created_at": "2025-08-04T20:33:50.724Z"}}, {"model": "core.region", "pk": 27, "fields": {"name": "Ставропольский край", "slug": "26", "is_active": true, "created_at": "2025-08-04T20:33:50.729Z"}}, {"model": "core.region", "pk": 28, "fields": {"name": "Хабаровский край", "slug": "27", "is_active": true, "created_at": "2025-08-04T20:33:50.734Z"}}, {"model": "core.region", "pk": 29, "fields": {"name": "Амурская область", "slug": "28", "is_active": true, "created_at": "2025-08-04T20:33:50.740Z"}}, {"model": "core.region", "pk": 30, "fields": {"name": "Архангельская область", "slug": "29", "is_active": true, "created_at": "2025-08-04T20:33:50.745Z"}}, {"model": "core.region", "pk": 31, "fields": {"name": "Астраханская область", "slug": "30", "is_active": true, "created_at": "2025-08-04T20:33:50.750Z"}}, {"model": "core.region", "pk": 32, "fields": {"name": "Белгородская область", "slug": "31", "is_active": true, "created_at": "2025-08-04T20:33:50.755Z"}}, {"model": "core.region", "pk": 33, "fields": {"name": "Брянская область", "slug": "32", "is_active": true, "created_at": "2025-08-04T20:33:50.761Z"}}, {"model": "core.region", "pk": 34, "fields": {"name": "Владимирская область", "slug": "33", "is_active": true, "created_at": "2025-08-04T20:33:50.766Z"}}, {"model": "core.region", "pk": 35, "fields": {"name": "Волгоградская область", "slug": "34", "is_active": true, "created_at": "2025-08-04T20:33:50.771Z"}}, {"model": "core.region", "pk": 36, "fields": {"name": "Вологодская область", "slug": "35", "is_active": true, "created_at": "2025-08-04T20:33:50.776Z"}}, {"model": "core.region", "pk": 37, "fields": {"name": "Воронежская область", "slug": "36", "is_active": true, "created_at": "2025-08-04T20:33:50.781Z"}}, {"model": "core.region", "pk": 38, "fields": {"name": "Ивановская область", "slug": "37", "is_active": true, "created_at": "2025-08-04T20:33:50.786Z"}}, {"model": "core.region", "pk": 39, "fields": {"name": "Иркутская область", "slug": "38", "is_active": true, "created_at": "2025-08-04T20:33:50.791Z"}}, {"model": "core.region", "pk": 40, "fields": {"name": "Калининградская область", "slug": "39", "is_active": true, "created_at": "2025-08-04T20:33:50.797Z"}}, {"model": "core.region", "pk": 41, "fields": {"name": "Камчатский край", "slug": "41", "is_active": true, "created_at": "2025-08-04T20:33:50.803Z"}}, {"model": "core.region", "pk": 42, "fields": {"name": "Кемеровская область", "slug": "42", "is_active": true, "created_at": "2025-08-04T20:33:50.809Z"}}, {"model": "core.region", "pk": 43, "fields": {"name": "Кировская область", "slug": "43", "is_active": true, "created_at": "2025-08-04T20:33:50.814Z"}}, {"model": "core.region", "pk": 44, "fields": {"name": "Костромская область", "slug": "44", "is_active": true, "created_at": "2025-08-04T20:33:50.819Z"}}, {"model": "core.region", "pk": 45, "fields": {"name": "Курганская область", "slug": "45", "is_active": true, "created_at": "2025-08-04T20:33:50.825Z"}}, {"model": "core.region", "pk": 46, "fields": {"name": "Курская область", "slug": "46", "is_active": true, "created_at": "2025-08-04T20:33:50.830Z"}}, {"model": "core.region", "pk": 47, "fields": {"name": "Ленинградская область", "slug": "47", "is_active": true, "created_at": "2025-08-04T20:33:50.835Z"}}, {"model": "core.region", "pk": 48, "fields": {"name": "Липецкая область", "slug": "48", "is_active": true, "created_at": "2025-08-04T20:33:50.840Z"}}, {"model": "core.region", "pk": 49, "fields": {"name": "Магаданская область", "slug": "49", "is_active": true, "created_at": "2025-08-04T20:33:50.846Z"}}, {"model": "core.region", "pk": 50, "fields": {"name": "Московская область", "slug": "50", "is_active": true, "created_at": "2025-08-04T20:33:50.851Z"}}, {"model": "core.region", "pk": 51, "fields": {"name": "Мурманская область", "slug": "51", "is_active": true, "created_at": "2025-08-04T20:33:50.857Z"}}, {"model": "core.region", "pk": 52, "fields": {"name": "Нижегородская область", "slug": "52", "is_active": true, "created_at": "2025-08-04T20:33:50.862Z"}}, {"model": "core.region", "pk": 53, "fields": {"name": "Новгородская область", "slug": "53", "is_active": true, "created_at": "2025-08-04T20:33:50.868Z"}}, {"model": "core.region", "pk": 54, "fields": {"name": "Новосибирская область", "slug": "54", "is_active": true, "created_at": "2025-08-04T20:33:50.874Z"}}, {"model": "core.region", "pk": 55, "fields": {"name": "Омская область", "slug": "55", "is_active": true, "created_at": "2025-08-04T20:33:50.879Z"}}, {"model": "core.region", "pk": 56, "fields": {"name": "Оренбургская область", "slug": "56", "is_active": true, "created_at": "2025-08-04T20:33:50.885Z"}}, {"model": "core.region", "pk": 57, "fields": {"name": "Орловская область", "slug": "57", "is_active": true, "created_at": "2025-08-04T20:33:50.891Z"}}, {"model": "core.region", "pk": 58, "fields": {"name": "Пензенская область", "slug": "58", "is_active": true, "created_at": "2025-08-04T20:33:50.896Z"}}, {"model": "core.region", "pk": 59, "fields": {"name": "Пермский край", "slug": "59", "is_active": true, "created_at": "2025-08-04T20:33:50.905Z"}}, {"model": "core.region", "pk": 60, "fields": {"name": "Псковская область", "slug": "60", "is_active": true, "created_at": "2025-08-04T20:33:50.911Z"}}, {"model": "core.region", "pk": 61, "fields": {"name": "Ростовская область", "slug": "61", "is_active": true, "created_at": "2025-08-04T20:33:50.916Z"}}, {"model": "core.region", "pk": 62, "fields": {"name": "Рязанская область", "slug": "62", "is_active": true, "created_at": "2025-08-04T20:33:50.922Z"}}, {"model": "core.region", "pk": 63, "fields": {"name": "Самарская область", "slug": "63", "is_active": true, "created_at": "2025-08-04T20:33:50.927Z"}}, {"model": "core.region", "pk": 64, "fields": {"name": "Саратовская область", "slug": "64", "is_active": true, "created_at": "2025-08-04T20:33:50.932Z"}}, {"model": "core.region", "pk": 65, "fields": {"name": "Сахалинская область", "slug": "65", "is_active": true, "created_at": "2025-08-04T20:33:50.938Z"}}, {"model": "core.region", "pk": 66, "fields": {"name": "Свердловская область", "slug": "66", "is_active": true, "created_at": "2025-08-04T20:33:50.944Z"}}, {"model": "core.region", "pk": 67, "fields": {"name": "Смоленская область", "slug": "67", "is_active": true, "created_at": "2025-08-04T20:33:50.949Z"}}, {"model": "core.region", "pk": 68, "fields": {"name": "Тамбовская область", "slug": "68", "is_active": true, "created_at": "2025-08-04T20:33:50.955Z"}}, {"model": "core.region", "pk": 69, "fields": {"name": "Тверская область", "slug": "69", "is_active": true, "created_at": "2025-08-04T20:33:50.960Z"}}, {"model": "core.region", "pk": 70, "fields": {"name": "Томская область", "slug": "70", "is_active": true, "created_at": "2025-08-04T20:33:50.966Z"}}, {"model": "core.region", "pk": 71, "fields": {"name": "Тульская область", "slug": "71", "is_active": true, "created_at": "2025-08-04T20:33:50.971Z"}}, {"model": "core.region", "pk": 72, "fields": {"name": "Тюменская область", "slug": "72", "is_active": true, "created_at": "2025-08-04T20:33:50.977Z"}}, {"model": "core.region", "pk": 73, "fields": {"name": "Ульяновская область", "slug": "73", "is_active": true, "created_at": "2025-08-04T20:33:50.982Z"}}, {"model": "core.region", "pk": 74, "fields": {"name": "Челябинская область", "slug": "74", "is_active": true, "created_at": "2025-08-04T20:33:50.988Z"}}, {"model": "core.region", "pk": 75, "fields": {"name": "Забайкальский край", "slug": "75", "is_active": true, "created_at": "2025-08-04T20:33:50.993Z"}}, {"model": "core.region", "pk": 76, "fields": {"name": "Ярославская область", "slug": "76", "is_active": true, "created_at": "2025-08-04T20:33:50.998Z"}}, {"model": "core.region", "pk": 77, "fields": {"name": "Москва", "slug": "77", "is_active": true, "created_at": "2025-08-04T20:33:51.004Z"}}, {"model": "core.region", "pk": 78, "fields": {"name": "Санкт-Петербург", "slug": "78", "is_active": true, "created_at": "2025-08-04T20:33:51.009Z"}}, {"model": "core.region", "pk": 79, "fields": {"name": "Еврейская автономная область", "slug": "79", "is_active": true, "created_at": "2025-08-04T20:33:51.014Z"}}, {"model": "core.region", "pk": 80, "fields": {"name": "Ненецкий автономный округ", "slug": "83", "is_active": true, "created_at": "2025-08-04T20:33:51.020Z"}}, {"model": "core.region", "pk": 81, "fields": {"name": "Ханты-Мансийский автономный округ — Югра", "slug": "86", "is_active": true, "created_at": "2025-08-04T20:33:51.025Z"}}, {"model": "core.region", "pk": 82, "fields": {"name": "Чукотский автономный округ", "slug": "87", "is_active": true, "created_at": "2025-08-04T20:33:51.030Z"}}, {"model": "core.region", "pk": 83, "fields": {"name": "Ямало-Ненецкий автономный округ", "slug": "89", "is_active": true, "created_at": "2025-08-04T20:33:51.036Z"}}, {"model": "core.region", "pk": 84, "fields": {"name": "Республика Крым", "slug": "91", "is_active": true, "created_at": "2025-08-04T20:33:51.041Z"}}, {"model": "core.region", "pk": 85, "fields": {"name": "Севастополь", "slug": "92", "is_active": true, "created_at": "2025-08-04T20:33:51.046Z"}}]