[{"model": "admin.logentry", "pk": 1, "fields": {"action_time": "2025-07-14T10:25:55.755Z", "user": 1, "content_type": 6, "object_id": "1", "object_repr": "Калужская область", "action_flag": 1, "change_message": "[{\"added\": {}}]"}}, {"model": "admin.logentry", "pk": 2, "fields": {"action_time": "2025-07-14T10:30:00.928Z", "user": 1, "content_type": 7, "object_id": "1", "object_repr": "СТО40 (Калужская область)", "action_flag": 1, "change_message": "[{\"added\": {}}]"}}, {"model": "admin.logentry", "pk": 3, "fields": {"action_time": "2025-07-14T10:30:15.045Z", "user": 1, "content_type": 8, "object_id": "2", "object_repr": "bunko.ip@yandex.ru", "action_flag": 2, "change_message": "[{\"changed\": {\"fields\": [\"\\u0420\\u043e\\u043b\\u044c\", \"\\u0410\\u0432\\u0442\\u043e\\u0441\\u0435\\u0440\\u0432\\u0438\\u0441\"]}}]"}}, {"model": "admin.logentry", "pk": 4, "fields": {"action_time": "2025-07-14T10:30:51.432Z", "user": 1, "content_type": 8, "object_id": "3", "object_repr": "manager1@ya.ru", "action_flag": 2, "change_message": "[{\"changed\": {\"fields\": [\"\\u0420\\u043e\\u043b\\u044c\", \"\\u0410\\u0432\\u0442\\u043e\\u0441\\u0435\\u0440\\u0432\\u0438\\u0441\"]}}]"}}, {"model": "admin.logentry", "pk": 5, "fields": {"action_time": "2025-07-14T10:34:24.679Z", "user": 1, "content_type": 7, "object_id": "2", "object_repr": "СТО_Калуга (Калужская область)", "action_flag": 1, "change_message": "[{\"added\": {}}]"}}, {"model": "auth.permission", "pk": 1, "fields": {"name": "Can add log entry", "content_type": 1, "codename": "add_logentry"}}, {"model": "auth.permission", "pk": 2, "fields": {"name": "Can change log entry", "content_type": 1, "codename": "change_logentry"}}, {"model": "auth.permission", "pk": 3, "fields": {"name": "Can delete log entry", "content_type": 1, "codename": "delete_logentry"}}, {"model": "auth.permission", "pk": 4, "fields": {"name": "Can view log entry", "content_type": 1, "codename": "view_logentry"}}, {"model": "auth.permission", "pk": 5, "fields": {"name": "Can add permission", "content_type": 2, "codename": "add_permission"}}, {"model": "auth.permission", "pk": 6, "fields": {"name": "Can change permission", "content_type": 2, "codename": "change_permission"}}, {"model": "auth.permission", "pk": 7, "fields": {"name": "Can delete permission", "content_type": 2, "codename": "delete_permission"}}, {"model": "auth.permission", "pk": 8, "fields": {"name": "Can view permission", "content_type": 2, "codename": "view_permission"}}, {"model": "auth.permission", "pk": 9, "fields": {"name": "Can add group", "content_type": 3, "codename": "add_group"}}, {"model": "auth.permission", "pk": 10, "fields": {"name": "Can change group", "content_type": 3, "codename": "change_group"}}, {"model": "auth.permission", "pk": 11, "fields": {"name": "Can delete group", "content_type": 3, "codename": "delete_group"}}, {"model": "auth.permission", "pk": 12, "fields": {"name": "Can view group", "content_type": 3, "codename": "view_group"}}, {"model": "auth.permission", "pk": 13, "fields": {"name": "Can add content type", "content_type": 4, "codename": "add_contenttype"}}, {"model": "auth.permission", "pk": 14, "fields": {"name": "Can change content type", "content_type": 4, "codename": "change_contenttype"}}, {"model": "auth.permission", "pk": 15, "fields": {"name": "Can delete content type", "content_type": 4, "codename": "delete_contenttype"}}, {"model": "auth.permission", "pk": 16, "fields": {"name": "Can view content type", "content_type": 4, "codename": "view_contenttype"}}, {"model": "auth.permission", "pk": 17, "fields": {"name": "Can add session", "content_type": 5, "codename": "add_session"}}, {"model": "auth.permission", "pk": 18, "fields": {"name": "Can change session", "content_type": 5, "codename": "change_session"}}, {"model": "auth.permission", "pk": 19, "fields": {"name": "Can delete session", "content_type": 5, "codename": "delete_session"}}, {"model": "auth.permission", "pk": 20, "fields": {"name": "Can view session", "content_type": 5, "codename": "view_session"}}, {"model": "auth.permission", "pk": 21, "fields": {"name": "Can add Регион", "content_type": 6, "codename": "add_region"}}, {"model": "auth.permission", "pk": 22, "fields": {"name": "Can change Регион", "content_type": 6, "codename": "change_region"}}, {"model": "auth.permission", "pk": 23, "fields": {"name": "Can delete Регион", "content_type": 6, "codename": "delete_region"}}, {"model": "auth.permission", "pk": 24, "fields": {"name": "Can view Регион", "content_type": 6, "codename": "view_region"}}, {"model": "auth.permission", "pk": 25, "fields": {"name": "Can add Автосервис", "content_type": 7, "codename": "add_autoservice"}}, {"model": "auth.permission", "pk": 26, "fields": {"name": "Can change Автосервис", "content_type": 7, "codename": "change_autoservice"}}, {"model": "auth.permission", "pk": 27, "fields": {"name": "Can delete Автосервис", "content_type": 7, "codename": "delete_autoservice"}}, {"model": "auth.permission", "pk": 28, "fields": {"name": "Can view Автосервис", "content_type": 7, "codename": "view_autoservice"}}, {"model": "auth.permission", "pk": 29, "fields": {"name": "Can add Пользователь", "content_type": 8, "codename": "add_user"}}, {"model": "auth.permission", "pk": 30, "fields": {"name": "Can change Пользователь", "content_type": 8, "codename": "change_user"}}, {"model": "auth.permission", "pk": 31, "fields": {"name": "Can delete Пользователь", "content_type": 8, "codename": "delete_user"}}, {"model": "auth.permission", "pk": 32, "fields": {"name": "Can view Пользователь", "content_type": 8, "codename": "view_user"}}, {"model": "auth.permission", "pk": 33, "fields": {"name": "Can add Стандартная услуга", "content_type": 9, "codename": "add_standardservice"}}, {"model": "auth.permission", "pk": 34, "fields": {"name": "Can change Стандартная услуга", "content_type": 9, "codename": "change_standardservice"}}, {"model": "auth.permission", "pk": 35, "fields": {"name": "Can delete Стандартная услуга", "content_type": 9, "codename": "delete_standardservice"}}, {"model": "auth.permission", "pk": 36, "fields": {"name": "Can view Стандартная услуга", "content_type": 9, "codename": "view_standardservice"}}, {"model": "auth.permission", "pk": 37, "fields": {"name": "Can add Категория услуг", "content_type": 10, "codename": "add_servicecategory"}}, {"model": "auth.permission", "pk": 38, "fields": {"name": "Can change Категория услуг", "content_type": 10, "codename": "change_servicecategory"}}, {"model": "auth.permission", "pk": 39, "fields": {"name": "Can delete Категория услуг", "content_type": 10, "codename": "delete_servicecategory"}}, {"model": "auth.permission", "pk": 40, "fields": {"name": "Can view Категория услуг", "content_type": 10, "codename": "view_servicecategory"}}, {"model": "auth.permission", "pk": 41, "fields": {"name": "Can add Услуга", "content_type": 11, "codename": "add_service"}}, {"model": "auth.permission", "pk": 42, "fields": {"name": "Can change Услуга", "content_type": 11, "codename": "change_service"}}, {"model": "auth.permission", "pk": 43, "fields": {"name": "Can delete Услуга", "content_type": 11, "codename": "delete_service"}}, {"model": "auth.permission", "pk": 44, "fields": {"name": "Can view Услуга", "content_type": 11, "codename": "view_service"}}, {"model": "auth.permission", "pk": 45, "fields": {"name": "Can add Заказ", "content_type": 12, "codename": "add_order"}}, {"model": "auth.permission", "pk": 46, "fields": {"name": "Can change Заказ", "content_type": 12, "codename": "change_order"}}, {"model": "auth.permission", "pk": 47, "fields": {"name": "Can delete Заказ", "content_type": 12, "codename": "delete_order"}}, {"model": "auth.permission", "pk": 48, "fields": {"name": "Can view Заказ", "content_type": 12, "codename": "view_order"}}, {"model": "auth.permission", "pk": 49, "fields": {"name": "Can add Автомобиль", "content_type": 13, "codename": "add_car"}}, {"model": "auth.permission", "pk": 50, "fields": {"name": "Can change Автомобиль", "content_type": 13, "codename": "change_car"}}, {"model": "auth.permission", "pk": 51, "fields": {"name": "Can delete Автомобиль", "content_type": 13, "codename": "delete_car"}}, {"model": "auth.permission", "pk": 52, "fields": {"name": "Can view Автомобиль", "content_type": 13, "codename": "view_car"}}, {"model": "auth.permission", "pk": 53, "fields": {"name": "Can add Уведомление", "content_type": 14, "codename": "add_notification"}}, {"model": "auth.permission", "pk": 54, "fields": {"name": "Can change Уведомление", "content_type": 14, "codename": "change_notification"}}, {"model": "auth.permission", "pk": 55, "fields": {"name": "Can delete Уведомление", "content_type": 14, "codename": "delete_notification"}}, {"model": "auth.permission", "pk": 56, "fields": {"name": "Can view Уведомление", "content_type": 14, "codename": "view_notification"}}, {"model": "auth.permission", "pk": 57, "fields": {"name": "Can add График работы", "content_type": 15, "codename": "add_workschedule"}}, {"model": "auth.permission", "pk": 58, "fields": {"name": "Can change График работы", "content_type": 15, "codename": "change_workschedule"}}, {"model": "auth.permission", "pk": 59, "fields": {"name": "Can delete График работы", "content_type": 15, "codename": "delete_workschedule"}}, {"model": "auth.permission", "pk": 60, "fields": {"name": "Can view График работы", "content_type": 15, "codename": "view_workschedule"}}, {"model": "auth.permission", "pk": 61, "fields": {"name": "Can add Отзыв", "content_type": 16, "codename": "add_review"}}, {"model": "auth.permission", "pk": 62, "fields": {"name": "Can change Отзыв", "content_type": 16, "codename": "change_review"}}, {"model": "auth.permission", "pk": 63, "fields": {"name": "Can delete Отзыв", "content_type": 16, "codename": "delete_review"}}, {"model": "auth.permission", "pk": 64, "fields": {"name": "Can view Отзыв", "content_type": 16, "codename": "view_review"}}, {"model": "auth.permission", "pk": 65, "fields": {"name": "Can add Ответ на отзыв", "content_type": 17, "codename": "add_reviewreply"}}, {"model": "auth.permission", "pk": 66, "fields": {"name": "Can change Ответ на отзыв", "content_type": 17, "codename": "change_reviewreply"}}, {"model": "auth.permission", "pk": 67, "fields": {"name": "Can delete Ответ на отзыв", "content_type": 17, "codename": "delete_reviewreply"}}, {"model": "auth.permission", "pk": 68, "fields": {"name": "Can view Ответ на отзыв", "content_type": 17, "codename": "view_reviewreply"}}, {"model": "contenttypes.contenttype", "pk": 1, "fields": {"app_label": "admin", "model": "logentry"}}, {"model": "contenttypes.contenttype", "pk": 2, "fields": {"app_label": "auth", "model": "permission"}}, {"model": "contenttypes.contenttype", "pk": 3, "fields": {"app_label": "auth", "model": "group"}}, {"model": "contenttypes.contenttype", "pk": 4, "fields": {"app_label": "contenttypes", "model": "contenttype"}}, {"model": "contenttypes.contenttype", "pk": 5, "fields": {"app_label": "sessions", "model": "session"}}, {"model": "contenttypes.contenttype", "pk": 6, "fields": {"app_label": "core", "model": "region"}}, {"model": "contenttypes.contenttype", "pk": 7, "fields": {"app_label": "core", "model": "autoservice"}}, {"model": "contenttypes.contenttype", "pk": 8, "fields": {"app_label": "users", "model": "user"}}, {"model": "contenttypes.contenttype", "pk": 9, "fields": {"app_label": "core", "model": "standardservice"}}, {"model": "contenttypes.contenttype", "pk": 10, "fields": {"app_label": "core", "model": "servicecategory"}}, {"model": "contenttypes.contenttype", "pk": 11, "fields": {"app_label": "core", "model": "service"}}, {"model": "contenttypes.contenttype", "pk": 12, "fields": {"app_label": "core", "model": "order"}}, {"model": "contenttypes.contenttype", "pk": 13, "fields": {"app_label": "core", "model": "car"}}, {"model": "contenttypes.contenttype", "pk": 14, "fields": {"app_label": "core", "model": "notification"}}, {"model": "contenttypes.contenttype", "pk": 15, "fields": {"app_label": "core", "model": "workschedule"}}, {"model": "contenttypes.contenttype", "pk": 16, "fields": {"app_label": "core", "model": "review"}}, {"model": "contenttypes.contenttype", "pk": 17, "fields": {"app_label": "core", "model": "reviewreply"}}, {"model": "sessions.session", "pk": "2id1pc1usfmlejh82qh5f3d4zhmijwhx", "fields": {"session_data": ".eJxVizsOwjAQBe_iGkUx6y8lEiVnsNb7kSMCSJhUiLtDpBRQznszL1NwebaydHmUic3BWLP73SrSRW7rsWIfNu7D6YrTfL6zzMdN-esa9vaNBCyr5b1DqiCkoMl5GBNGD5iQHKeaU1a0GcRliqQUlMca1HsXg3l_AN7TNU0:1uicnL:wQbYQe7KnrKTNxsC42M81dIH8UIqgGv9qEg6KXdZG3U", "expire_date": "2025-08-17T17:46:51.322Z"}}, {"model": "core.servicecategory", "pk": 1, "fields": {"name": "Техническое обслуживание", "slug": "to", "icon": "bi-gear", "description": "", "is_active": true, "created_at": "2025-07-27T17:45:18.579Z"}}, {"model": "core.servicecategory", "pk": 2, "fields": {"name": "Ремонт двигателя", "slug": "engine-repair", "icon": "bi-cpu", "description": "", "is_active": true, "created_at": "2025-07-27T17:45:18.589Z"}}, {"model": "core.servicecategory", "pk": 3, "fields": {"name": "Шиномонтаж", "slug": "tire-service", "icon": "bi-circle", "description": "", "is_active": true, "created_at": "2025-07-27T17:45:18.598Z"}}, {"model": "core.servicecategory", "pk": 4, "fields": {"name": "Диагностика", "slug": "diagnostics", "icon": "bi-search", "description": "", "is_active": true, "created_at": "2025-07-27T17:45:18.606Z"}}, {"model": "core.servicecategory", "pk": 5, "fields": {"name": "Кузовной ремонт", "slug": "body-repair", "icon": "bi-tools", "description": "", "is_active": true, "created_at": "2025-07-27T17:45:18.614Z"}}, {"model": "core.servicecategory", "pk": 6, "fields": {"name": "Электрика", "slug": "electrical", "icon": "bi-lightning", "description": "", "is_active": true, "created_at": "2025-07-27T17:45:18.623Z"}}, {"model": "core.servicecategory", "pk": 7, "fields": {"name": "Тормозная система", "slug": "brakes", "icon": "bi-stop-circle", "description": "", "is_active": true, "created_at": "2025-07-27T19:29:57.726Z"}}, {"model": "core.servicecategory", "pk": 8, "fields": {"name": "Подвеска", "slug": "suspension", "icon": "bi-arrows-vertical", "description": "", "is_active": true, "created_at": "2025-07-27T19:29:57.736Z"}}, {"model": "core.standardservice", "pk": 26, "fields": {"category": 1, "name": "ТО-1 (базовое)", "slug": "то-1-базовое", "description": "Замена масла, фильтров, проверка основных систем", "is_active": true, "created_at": "2025-07-27T19:50:23.131Z"}}, {"model": "core.standardservice", "pk": 27, "fields": {"category": 1, "name": "ТО-2 (расширенное)", "slug": "то-2-расширенное", "description": "Полная диагностика, замена расходников, регулировки", "is_active": true, "created_at": "2025-07-27T19:50:23.142Z"}}, {"model": "core.standardservice", "pk": 28, "fields": {"category": 1, "name": "Замена масла", "slug": "замена-масла", "description": "Замена моторного масла и масляного фильтра", "is_active": true, "created_at": "2025-07-27T19:50:23.153Z"}}, {"model": "core.standardservice", "pk": 29, "fields": {"category": 1, "name": "Предпродажная подготовка", "slug": "предпродажная-подготовка", "description": "Комплексная подготовка автомобиля к продаже", "is_active": true, "created_at": "2025-07-27T19:50:23.162Z"}}, {"model": "core.standardservice", "pk": 30, "fields": {"category": 2, "name": "Замена свечей зажигания", "slug": "замена-свечей-зажигания", "description": "Замена комплекта свечей зажигания", "is_active": true, "created_at": "2025-07-27T19:50:23.174Z"}}, {"model": "core.standardservice", "pk": 31, "fields": {"category": 2, "name": "Ремонт ГБЦ", "slug": "ремонт-гбц", "description": "Снятие, разборка, ремонт и установка головки блока цилиндров", "is_active": true, "created_at": "2025-07-27T19:50:23.188Z"}}, {"model": "core.standardservice", "pk": 32, "fields": {"category": 2, "name": "Замена ремня ГРМ", "slug": "замена-ремня-грм", "description": "Замена ремня газораспределительного механизма", "is_active": true, "created_at": "2025-07-27T19:50:23.205Z"}}, {"model": "core.standardservice", "pk": 33, "fields": {"category": 2, "name": "Диагностика двигателя", "slug": "диагностика-двигателя", "description": "Комплексная диагностика работы двигателя", "is_active": true, "created_at": "2025-07-27T19:50:23.222Z"}}, {"model": "core.standardservice", "pk": 34, "fields": {"category": 2, "name": "Замена цепи ГРМ", "slug": "замена-цепи-грм", "description": "Замена цепи газораспределительного механизма", "is_active": true, "created_at": "2025-07-27T19:50:23.235Z"}}, {"model": "core.standardservice", "pk": 35, "fields": {"category": 3, "name": "Шиномонтаж 4 колеса", "slug": "шиномонтаж-4-колеса", "description": "Снятие старых шин, установка новых, балансировка", "is_active": true, "created_at": "2025-07-27T19:50:23.246Z"}}, {"model": "core.standardservice", "pk": 36, "fields": {"category": 3, "name": "Балансировка колес", "slug": "балансировка-колес", "description": "Балансировка 4 колес на компьютерном стенде", "is_active": true, "created_at": "2025-07-27T19:50:23.257Z"}}, {"model": "core.standardservice", "pk": 37, "fields": {"category": 3, "name": "Ремонт прокола", "slug": "ремонт-прокола", "description": "Ремонт прокола бескамерной шины", "is_active": true, "created_at": "2025-07-27T19:50:23.267Z"}}, {"model": "core.standardservice", "pk": 38, "fields": {"category": 3, "name": "Развал-схождение", "slug": "развал-схождение", "description": "Регулировка углов установки колес", "is_active": true, "created_at": "2025-07-27T19:50:23.277Z"}}, {"model": "core.standardservice", "pk": 39, "fields": {"category": 3, "name": "Замена камеры", "slug": "замена-камеры", "description": "Замена камеры в камерной шине", "is_active": true, "created_at": "2025-07-27T19:50:23.288Z"}}, {"model": "core.standardservice", "pk": 40, "fields": {"category": 4, "name": "Компьютерная диагностика", "slug": "компьютерная-диагностика", "description": "Диагностика всех систем автомобиля сканером", "is_active": true, "created_at": "2025-07-27T19:50:23.300Z"}}, {"model": "core.standardservice", "pk": 41, "fields": {"category": 4, "name": "Диагностика подвески", "slug": "диагностика-подвески", "description": "Диагностика элементов подвески на стенде", "is_active": true, "created_at": "2025-07-27T19:50:23.311Z"}}, {"model": "core.standardservice", "pk": 42, "fields": {"category": 4, "name": "Диагностика тормозной системы", "slug": "диагностика-тормозной-системы", "description": "Проверка тормозной системы на стенде", "is_active": true, "created_at": "2025-07-27T19:50:23.321Z"}}, {"model": "core.standardservice", "pk": 43, "fields": {"category": 5, "name": "Покраска элемента", "slug": "покраска-элемента", "description": "Покраска одного элемента кузова", "is_active": true, "created_at": "2025-07-27T19:50:23.329Z"}}, {"model": "core.standardservice", "pk": 44, "fields": {"category": 5, "name": "Рихтовка", "slug": "рихтовка", "description": "Рихтовка поврежденного элемента кузова", "is_active": true, "created_at": "2025-07-27T19:50:23.339Z"}}, {"model": "core.standardservice", "pk": 45, "fields": {"category": 5, "name": "Полировка кузова", "slug": "полировка-кузова", "description": "Полная полировка кузова автомобиля", "is_active": true, "created_at": "2025-07-27T19:50:23.348Z"}}, {"model": "core.standardservice", "pk": 46, "fields": {"category": 5, "name": "Антикоррозийная обработка", "slug": "антикоррозийная-обработка", "description": "Обработка кузова антикоррозийными составами", "is_active": true, "created_at": "2025-07-27T19:50:23.359Z"}}, {"model": "core.standardservice", "pk": 47, "fields": {"category": 6, "name": "Замена аккумулятора", "slug": "замена-аккумулятора", "description": "Замена аккумуляторной батареи", "is_active": true, "created_at": "2025-07-27T19:50:23.369Z"}}, {"model": "core.standardservice", "pk": 48, "fields": {"category": 6, "name": "Ремонт генератора", "slug": "ремонт-генератора", "description": "Диагностика и ремонт генератора", "is_active": true, "created_at": "2025-07-27T19:50:23.378Z"}}, {"model": "core.standardservice", "pk": 49, "fields": {"category": 6, "name": "Ремонт стартера", "slug": "ремонт-стартера", "description": "Диагностика и ремонт стартера", "is_active": true, "created_at": "2025-07-27T19:50:23.389Z"}}, {"model": "core.standardservice", "pk": 50, "fields": {"category": 6, "name": "Замена лампочек", "slug": "замена-лампочек", "description": "Замена ламп в фарах и габаритах", "is_active": true, "created_at": "2025-07-27T19:50:23.400Z"}}, {"model": "core.standardservice", "pk": 51, "fields": {"category": 7, "name": "Замена тормозных колодок", "slug": "замена-тормозных-колодок", "description": "Замена передних или задних тормозных колодок", "is_active": true, "created_at": "2025-07-27T19:50:23.411Z"}}, {"model": "core.standardservice", "pk": 52, "fields": {"category": 7, "name": "Замена тормозных дисков", "slug": "замена-тормозных-дисков", "description": "Замена тормозных дисков передней или задней оси", "is_active": true, "created_at": "2025-07-27T19:50:23.423Z"}}, {"model": "core.standardservice", "pk": 53, "fields": {"category": 7, "name": "Прокачка тормозов", "slug": "прокачка-тормозов", "description": "Замена тормозной жидкости и прокачка системы", "is_active": true, "created_at": "2025-07-27T19:50:23.433Z"}}, {"model": "core.standardservice", "pk": 54, "fields": {"category": 7, "name": "Замена тормозных шлангов", "slug": "замена-тормозных-шлангов", "description": "Замена гибких тормозных шлангов", "is_active": true, "created_at": "2025-07-27T19:50:23.443Z"}}, {"model": "core.standardservice", "pk": 55, "fields": {"category": 8, "name": "Замена амортизаторов", "slug": "замена-амортизаторов", "description": "Замена амортизаторов передней или задней оси", "is_active": true, "created_at": "2025-07-27T19:50:23.455Z"}}, {"model": "core.standardservice", "pk": 56, "fields": {"category": 8, "name": "Замена стоек стабилизатора", "slug": "замена-стоек-стабилизатора", "description": "Замена стоек стабилизатора поперечной устойчивости", "is_active": true, "created_at": "2025-07-27T19:50:23.465Z"}}, {"model": "core.standardservice", "pk": 57, "fields": {"category": 8, "name": "Замена сайлентблоков", "slug": "замена-сайлентблоков", "description": "Замена резиновых втулок подвески", "is_active": true, "created_at": "2025-07-27T19:50:23.477Z"}}, {"model": "core.standardservice", "pk": 58, "fields": {"category": 8, "name": "Замена шаровых опор", "slug": "замена-шаровых-опор", "description": "Замена шаровых опор передней подвески", "is_active": true, "created_at": "2025-07-27T19:50:23.488Z"}}, {"model": "core.region", "pk": 1, "fields": {"name": "Калужская область", "slug": "40", "is_active": true, "created_at": "2025-07-14T10:25:55.752Z"}}, {"model": "core.autoservice", "pk": 1, "fields": {"name": "СТО40", "slug": "140", "region": 1, "address": "г.Обнинск, ул. Калужская, д. 33", "phone": "+7 (48439) 77-77-77", "email": "140@ya.ru", "description": "Лучший из лучших сервисов автомобилей во всей Калужской области", "is_active": true, "created_at": "2025-07-14T10:30:00.925Z"}}, {"model": "core.autoservice", "pk": 2, "fields": {"name": "СТО_Калуга", "slug": "sto_kaluga", "region": 1, "address": "г.Калуга, ул. Никитина, д. 7", "phone": "+7 (484) 252-77-77", "email": "stokal@yandex.ru", "description": "Один из лучших автосервисов в Калуге", "is_active": true, "created_at": "2025-07-14T10:34:24.675Z"}}, {"model": "core.autoservice", "pk": 3, "fields": {"name": "Гаечка", "slug": "", "region": 1, "address": "г.Обнинск, ул. Курчатова, д.33, кв.1", "phone": "+79070700077", "email": "gayka@obn.ru", "description": "", "is_active": false, "created_at": "2025-07-23T20:16:55.641Z"}}, {"model": "core.car", "pk": 1, "fields": {"owner": 4, "brand": "Geely", "model": "Atlas", "year": 2019, "number": "Е001ЕЕ40", "is_default": true, "created_at": "2025-07-29T20:22:06.752Z"}}, {"model": "core.car", "pk": 2, "fields": {"owner": 4, "brand": "Mazda", "model": "Preamacy", "year": 2006, "number": "A001AA40", "is_default": false, "created_at": "2025-07-29T20:40:07.800Z"}}, {"model": "core.service", "pk": 1, "fields": {"autoservice": 1, "standard_service": 56, "name": "Замена стоек стабилизатора", "description": "Просто замена косточек", "price": "1400.00", "duration": 30, "is_popular": true, "is_active": true, "image": "", "created_at": "2025-07-27T19:57:59.580Z", "updated_at": "2025-07-28T20:11:24.811Z"}}, {"model": "core.service", "pk": 2, "fields": {"autoservice": 1, "standard_service": 51, "name": "Замена тормозных колодок", "description": "Тормозные колодки! Меняются постоянно", "price": "1200.00", "duration": 20, "is_popular": true, "is_active": true, "image": "", "created_at": "2025-07-27T20:12:11.430Z", "updated_at": "2025-07-28T20:10:35.400Z"}}, {"model": "core.service", "pk": 4, "fields": {"autoservice": 1, "standard_service": 57, "name": "Замена сайлентблоков", "description": "Замена резинок", "price": "2000.00", "duration": 120, "is_popular": false, "is_active": true, "image": "", "created_at": "2025-07-28T20:12:00.365Z", "updated_at": "2025-07-28T20:12:00.365Z"}}, {"model": "core.order", "pk": 1, "fields": {"service": 1, "autoservice": 1, "client": 4, "car": 1, "car_brand": "Geely", "car_model": "Atlas", "car_year": 2019, "car_number": "Е001ЕЕ40", "description": "", "preferred_date": "2025-08-07", "preferred_time": "10:00:00", "status": "completed", "total_price": "1400.00", "estimated_duration": 30, "assigned_master": 7, "preferred_master": null, "created_at": "2025-07-29T20:23:29.334Z", "updated_at": "2025-07-31T21:13:59.992Z", "admin_notes": ""}}, {"model": "core.order", "pk": 2, "fields": {"service": 1, "autoservice": 1, "client": 4, "car": 1, "car_brand": "Geely", "car_model": "Atlas", "car_year": 2019, "car_number": "Е001ЕЕ40", "description": "", "preferred_date": "2025-08-14", "preferred_time": "10:00:00", "status": "confirmed", "total_price": "1400.00", "estimated_duration": 30, "assigned_master": 7, "preferred_master": null, "created_at": "2025-07-31T17:22:52.973Z", "updated_at": "2025-08-01T17:21:12.734Z", "admin_notes": ""}}, {"model": "core.order", "pk": 3, "fields": {"service": 1, "autoservice": 1, "client": 4, "car": 1, "car_brand": "Geely", "car_model": "Atlas", "car_year": 2019, "car_number": "Е001ЕЕ40", "description": "", "preferred_date": "2025-08-19", "preferred_time": "10:00:00", "status": "pending", "total_price": "1400.00", "estimated_duration": 30, "assigned_master": null, "preferred_master": null, "created_at": "2025-07-31T18:37:17.641Z", "updated_at": "2025-07-31T18:37:17.641Z", "admin_notes": ""}}, {"model": "core.order", "pk": 4, "fields": {"service": 2, "autoservice": 1, "client": 4, "car": 1, "car_brand": "Geely", "car_model": "Atlas", "car_year": 2019, "car_number": "Е001ЕЕ40", "description": "", "preferred_date": "2025-08-26", "preferred_time": "10:00:00", "status": "pending", "total_price": "1200.00", "estimated_duration": 20, "assigned_master": null, "preferred_master": null, "created_at": "2025-07-31T19:59:09.320Z", "updated_at": "2025-07-31T19:59:09.320Z", "admin_notes": ""}}, {"model": "core.order", "pk": 5, "fields": {"service": 4, "autoservice": 1, "client": 4, "car": 1, "car_brand": "Geely", "car_model": "Atlas", "car_year": 2019, "car_number": "Е001ЕЕ40", "description": "", "preferred_date": "2025-08-19", "preferred_time": "10:00:00", "status": "confirmed", "total_price": "2000.00", "estimated_duration": 120, "assigned_master": 7, "preferred_master": null, "created_at": "2025-07-31T20:07:04.822Z", "updated_at": "2025-08-01T17:22:14.128Z", "admin_notes": ""}}, {"model": "core.order", "pk": 6, "fields": {"service": 4, "autoservice": 1, "client": 4, "car": 1, "car_brand": "Geely", "car_model": "Atlas", "car_year": 2019, "car_number": "Е001ЕЕ40", "description": "", "preferred_date": "2025-09-24", "preferred_time": "13:00:00", "status": "pending", "total_price": "2000.00", "estimated_duration": 120, "assigned_master": null, "preferred_master": null, "created_at": "2025-08-02T20:26:28.487Z", "updated_at": "2025-08-02T20:26:28.487Z", "admin_notes": ""}}, {"model": "core.order", "pk": 7, "fields": {"service": 1, "autoservice": 1, "client": 4, "car": 1, "car_brand": "Geely", "car_model": "Atlas", "car_year": 2019, "car_number": "Е001ЕЕ40", "description": "", "preferred_date": "2025-08-05", "preferred_time": "10:00:00", "status": "pending", "total_price": "1400.00", "estimated_duration": 30, "assigned_master": 7, "preferred_master": 7, "created_at": "2025-08-02T20:27:26.812Z", "updated_at": "2025-08-02T20:29:55.292Z", "admin_notes": ""}}, {"model": "core.order", "pk": 8, "fields": {"service": 1, "autoservice": 1, "client": 4, "car": 1, "car_brand": "Geely", "car_model": "Atlas", "car_year": 2019, "car_number": "Е001ЕЕ40", "description": "", "preferred_date": "2025-08-05", "preferred_time": "10:00:00", "status": "pending", "total_price": "1400.00", "estimated_duration": 30, "assigned_master": 7, "preferred_master": 7, "created_at": "2025-08-02T20:27:42.730Z", "updated_at": "2025-08-02T21:53:08.557Z", "admin_notes": ""}}, {"model": "core.order", "pk": 9, "fields": {"service": 4, "autoservice": 1, "client": 4, "car": 1, "car_brand": "Geely", "car_model": "Atlas", "car_year": 2019, "car_number": "Е001ЕЕ40", "description": "", "preferred_date": "2025-08-06", "preferred_time": "13:00:00", "status": "pending", "total_price": "2000.00", "estimated_duration": 120, "assigned_master": null, "preferred_master": 8, "created_at": "2025-08-02T22:01:03.841Z", "updated_at": "2025-08-02T22:01:03.841Z", "admin_notes": ""}}, {"model": "core.notification", "pk": 1, "fields": {"user": 4, "title": "Заказ успешно создан", "message": "Ваш заказ №2 на услугу 'Замена стоек стабилизатора' в автосервисе 'СТО40' успешно создан. Мы свяжемся с вами для подтверждения.", "level": "success", "is_read": true, "is_deleted": false, "created_at": "2025-07-31T17:22:52.981Z", "read_at": "2025-07-31T17:23:04.182Z"}}, {"model": "core.notification", "pk": 2, "fields": {"user": 4, "title": "Тестовое уведомление", "message": "Это тестовое уведомление для проверки системы уведомлений.", "level": "info", "is_read": true, "is_deleted": false, "created_at": "2025-07-31T17:23:26.349Z", "read_at": "2025-07-31T17:23:26.379Z"}}, {"model": "core.notification", "pk": 3, "fields": {"user": 4, "title": "Тестовое уведомление", "message": "Это тестовое уведомление для проверки системы уведомлений.", "level": "info", "is_read": true, "is_deleted": true, "created_at": "2025-07-31T17:23:32.464Z", "read_at": "2025-07-31T17:23:32.501Z"}}, {"model": "core.notification", "pk": 4, "fields": {"user": 4, "title": "Тестовое уведомление", "message": "Это тестовое уведомление для проверки системы уведомлений.", "level": "info", "is_read": true, "is_deleted": true, "created_at": "2025-07-31T18:28:32.549Z", "read_at": "2025-07-31T18:28:32.595Z"}}, {"model": "core.notification", "pk": 5, "fields": {"user": 4, "title": "Заказ успешно создан", "message": "Ваш заказ №3 на услугу 'Замена стоек стабилизатора' в автосервисе 'СТО40' успешно создан. Мы свяжемся с вами для подтверждения.", "level": "success", "is_read": true, "is_deleted": false, "created_at": "2025-07-31T18:37:17.650Z", "read_at": "2025-07-31T19:09:50.027Z"}}, {"model": "core.notification", "pk": 6, "fields": {"user": 4, "title": "Заказ успешно создан", "message": "Ваш заказ №4 на услугу 'Замена тормозных колодок' в автосервисе 'СТО40' успешно создан. Мы свяжемся с вами для подтверждения.", "level": "success", "is_read": true, "is_deleted": false, "created_at": "2025-07-31T19:59:09.331Z", "read_at": "2025-07-31T20:02:30.088Z"}}, {"model": "core.notification", "pk": 7, "fields": {"user": 2, "title": "Новый заказ", "message": "Получен новый заказ №4 на услугу 'Замена тормозных колодок' от клиента Вася Васильев. Требуется обработка.", "level": "info", "is_read": true, "is_deleted": false, "created_at": "2025-07-31T19:59:09.342Z", "read_at": "2025-07-31T20:03:24.558Z"}}, {"model": "core.notification", "pk": 8, "fields": {"user": 3, "title": "Новый заказ", "message": "Получен новый заказ №4 на услугу 'Замена тормозных колодок' от клиента Вася Васильев. Требуется обработка.", "level": "info", "is_read": true, "is_deleted": true, "created_at": "2025-07-31T19:59:09.347Z", "read_at": "2025-07-31T20:08:26.110Z"}}, {"model": "core.notification", "pk": 9, "fields": {"user": 5, "title": "Новый заказ", "message": "Получен новый заказ №4 на услугу 'Замена тормозных колодок' от клиента Вася Васильев. Требуется обработка.", "level": "info", "is_read": false, "is_deleted": false, "created_at": "2025-07-31T19:59:09.352Z", "read_at": null}}, {"model": "core.notification", "pk": 10, "fields": {"user": 4, "title": "Заказ успешно создан", "message": "Ваш заказ №5 на услугу 'Замена сайлентблоков' в автосервисе 'СТО40' успешно создан. Мы свяжемся с вами для подтверждения.", "level": "success", "is_read": true, "is_deleted": false, "created_at": "2025-07-31T20:07:04.829Z", "read_at": "2025-07-31T21:05:51.972Z"}}, {"model": "core.notification", "pk": 11, "fields": {"user": 2, "title": "Новый заказ", "message": "Получен новый заказ №5 в автосервис 'СТО40' на услугу 'Замена сайлентблоков' от клиента Вася Васильев. Требуется обработка.", "level": "info", "is_read": true, "is_deleted": false, "created_at": "2025-07-31T20:07:04.839Z", "read_at": "2025-07-31T20:07:35.783Z"}}, {"model": "core.notification", "pk": 12, "fields": {"user": 3, "title": "Новый заказ", "message": "Получен новый заказ №5 в автосервис 'СТО40' на услугу 'Замена сайлентблоков' от клиента Вася Васильев. Требуется обработка.", "level": "info", "is_read": true, "is_deleted": false, "created_at": "2025-07-31T20:07:04.846Z", "read_at": "2025-07-31T20:08:26.099Z"}}, {"model": "core.notification", "pk": 13, "fields": {"user": 5, "title": "Новый заказ", "message": "Получен новый заказ №5 в автосервис 'СТО40' на услугу 'Замена сайлентблоков' от клиента Вася Васильев. Требуется обработка.", "level": "info", "is_read": false, "is_deleted": false, "created_at": "2025-07-31T20:07:04.853Z", "read_at": null}}, {"model": "core.notification", "pk": 14, "fields": {"user": 7, "title": "Новое назначение", "message": "Вам назначен заказ №1 на услугу 'Замена стоек стабилизатора' на 07.08.2025.", "level": "info", "is_read": false, "is_deleted": false, "created_at": "2025-07-31T20:55:56.270Z", "read_at": null}}, {"model": "core.notification", "pk": 15, "fields": {"user": 4, "title": "Мастер назначен", "message": "На ваш заказ №1 назначен мастер Армен Армянинов.", "level": "info", "is_read": true, "is_deleted": true, "created_at": "2025-07-31T20:55:56.278Z", "read_at": "2025-07-31T21:05:51.968Z"}}, {"model": "core.notification", "pk": 16, "fields": {"user": 4, "title": "Заказ подтвержден", "message": "Ваш заказ №1 на услугу 'Замена стоек стабилизатора' подтвержден автосервисом 'СТО40'. Дата: 07.08.2025. Назначенный мастер: Армен Армянинов.", "level": "success", "is_read": true, "is_deleted": false, "created_at": "2025-07-31T21:05:19.837Z", "read_at": "2025-07-31T21:05:51.964Z"}}, {"model": "core.notification", "pk": 17, "fields": {"user": 7, "title": "Заказ подтвержден", "message": "Заказ №1 на услугу 'Замена стоек стабилизатора' в автосервисе 'СТО40', назначенный на вас, подтвержден.", "level": "success", "is_read": false, "is_deleted": false, "created_at": "2025-07-31T21:05:19.842Z", "read_at": null}}, {"model": "core.notification", "pk": 18, "fields": {"user": 4, "title": "Работа начата", "message": "Мастер Армен Армянинов начал выполнение заказа №1.", "level": "info", "is_read": true, "is_deleted": false, "created_at": "2025-07-31T21:12:22.389Z", "read_at": "2025-07-31T21:12:46.790Z"}}, {"model": "core.notification", "pk": 19, "fields": {"user": 7, "title": "Работа начата", "message": "Заказ №1 на услугу 'Замена стоек стабилизатора' переведен в статус 'В работе'.", "level": "info", "is_read": false, "is_deleted": false, "created_at": "2025-07-31T21:12:22.415Z", "read_at": null}}, {"model": "core.notification", "pk": 20, "fields": {"user": 4, "title": "Заказ выполнен", "message": "Ваш заказ №1 на услугу 'Замена стоек стабилизатора' успешно выполнен! Комментарий мастера: Все сделали в лучшем виде! Мамой клянусь!", "level": "success", "is_read": true, "is_deleted": false, "created_at": "2025-07-31T21:14:00.001Z", "read_at": "2025-07-31T21:14:37.117Z"}}, {"model": "core.notification", "pk": 21, "fields": {"user": 7, "title": "Заказ завершен", "message": "Заказ №1 на услугу 'Замена стоек стабилизатора' успешно завершен.", "level": "success", "is_read": false, "is_deleted": false, "created_at": "2025-07-31T21:14:00.008Z", "read_at": null}}, {"model": "core.notification", "pk": 22, "fields": {"user": 7, "title": "Новое назначение", "message": "Вам назначен заказ №2 на услугу 'Замена стоек стабилизатора' в автосервисе 'СТО40' на 14.08.2025.", "level": "info", "is_read": false, "is_deleted": false, "created_at": "2025-08-01T17:11:37.037Z", "read_at": null}}, {"model": "core.notification", "pk": 23, "fields": {"user": 4, "title": "Заказ подтвержден", "message": "Ваш заказ №2 на услугу 'Замена стоек стабилизатора' подтвержден автосервисом 'СТО40'. Дата: 14.08.2025. Назначенный мастер: Армен Армянинов.", "level": "success", "is_read": true, "is_deleted": false, "created_at": "2025-08-01T17:21:12.756Z", "read_at": "2025-08-02T21:13:46.536Z"}}, {"model": "core.notification", "pk": 24, "fields": {"user": 7, "title": "Заказ подтвержден", "message": "Заказ №2 на услугу 'Замена стоек стабилизатора' в автосервисе 'СТО40', назначенный на вас, подтвержден.", "level": "success", "is_read": false, "is_deleted": false, "created_at": "2025-08-01T17:21:12.763Z", "read_at": null}}, {"model": "core.notification", "pk": 25, "fields": {"user": 7, "title": "Новое назначение", "message": "Вам назначен заказ №5 на услугу 'Замена сайлентблоков' в автосервисе 'СТО40' на 19.08.2025.", "level": "info", "is_read": false, "is_deleted": false, "created_at": "2025-08-01T17:22:12.472Z", "read_at": null}}, {"model": "core.notification", "pk": 26, "fields": {"user": 2, "title": "Назначен мастер", "message": "Заказ №5 назначен мастеру Армен Армянинов. Клиент: Вася Васильев.", "level": "info", "is_read": false, "is_deleted": false, "created_at": "2025-08-01T17:22:12.483Z", "read_at": null}}, {"model": "core.notification", "pk": 27, "fields": {"user": 4, "title": "Заказ подтвержден", "message": "Ваш заказ №5 на услугу 'Замена сайлентблоков' подтвержден автосервисом 'СТО40'. Дата: 19.08.2025. Назначенный мастер: Армен Армянинов.", "level": "success", "is_read": true, "is_deleted": false, "created_at": "2025-08-01T17:22:14.137Z", "read_at": "2025-08-02T21:13:46.533Z"}}, {"model": "core.notification", "pk": 28, "fields": {"user": 7, "title": "Заказ подтвержден", "message": "Заказ №5 на услугу 'Замена сайлентблоков' в автосервисе 'СТО40', назначенный на вас, подтвержден.", "level": "success", "is_read": false, "is_deleted": false, "created_at": "2025-08-01T17:22:14.142Z", "read_at": null}}, {"model": "core.notification", "pk": 29, "fields": {"user": 4, "title": "Заказ успешно создан", "message": "Ваш заказ №6 на услугу 'Замена сайлентблоков' в автосервисе 'СТО40' успешно создан. Мы свяжемся с вами для подтверждения.", "level": "success", "is_read": true, "is_deleted": false, "created_at": "2025-08-02T20:26:28.493Z", "read_at": "2025-08-02T21:13:46.530Z"}}, {"model": "core.notification", "pk": 30, "fields": {"user": 2, "title": "Новый заказ", "message": "Получен новый заказ №6 в автосервис 'СТО40' на услугу 'Замена сайлентблоков' от клиента Вася Васильев. Требуется обработка.", "level": "info", "is_read": false, "is_deleted": false, "created_at": "2025-08-02T20:26:28.500Z", "read_at": null}}, {"model": "core.notification", "pk": 31, "fields": {"user": 3, "title": "Новый заказ", "message": "Получен новый заказ №6 в автосервис 'СТО40' на услугу 'Замена сайлентблоков' от клиента Вася Васильев. Требуется обработка.", "level": "info", "is_read": false, "is_deleted": false, "created_at": "2025-08-02T20:26:28.506Z", "read_at": null}}, {"model": "core.notification", "pk": 32, "fields": {"user": 5, "title": "Новый заказ", "message": "Получен новый заказ №6 в автосервис 'СТО40' на услугу 'Замена сайлентблоков' от клиента Вася Васильев. Требуется обработка.", "level": "info", "is_read": false, "is_deleted": false, "created_at": "2025-08-02T20:26:28.511Z", "read_at": null}}, {"model": "core.notification", "pk": 33, "fields": {"user": 4, "title": "Заказ успешно создан", "message": "Ваш заказ №7 на услугу 'Замена стоек стабилизатора' в автосервисе 'СТО40' успешно создан. Мы свяжемся с вами для подтверждения.", "level": "success", "is_read": true, "is_deleted": false, "created_at": "2025-08-02T20:27:26.818Z", "read_at": "2025-08-02T21:13:46.527Z"}}, {"model": "core.notification", "pk": 34, "fields": {"user": 2, "title": "Новый заказ", "message": "Получен новый заказ №7 в автосервис 'СТО40' на услугу 'Замена стоек стабилизатора' от клиента Вася Васильев. Требуется обработка.", "level": "info", "is_read": false, "is_deleted": false, "created_at": "2025-08-02T20:27:26.828Z", "read_at": null}}, {"model": "core.notification", "pk": 35, "fields": {"user": 3, "title": "Новый заказ", "message": "Получен новый заказ №7 в автосервис 'СТО40' на услугу 'Замена стоек стабилизатора' от клиента Вася Васильев. Требуется обработка.", "level": "info", "is_read": false, "is_deleted": false, "created_at": "2025-08-02T20:27:26.834Z", "read_at": null}}, {"model": "core.notification", "pk": 36, "fields": {"user": 5, "title": "Новый заказ", "message": "Получен новый заказ №7 в автосервис 'СТО40' на услугу 'Замена стоек стабилизатора' от клиента Вася Васильев. Требуется обработка.", "level": "info", "is_read": false, "is_deleted": false, "created_at": "2025-08-02T20:27:26.840Z", "read_at": null}}, {"model": "core.notification", "pk": 37, "fields": {"user": 4, "title": "Заказ успешно создан", "message": "Ваш заказ №8 на услугу 'Замена стоек стабилизатора' в автосервисе 'СТО40' успешно создан. Мы свяжемся с вами для подтверждения.", "level": "success", "is_read": true, "is_deleted": false, "created_at": "2025-08-02T20:27:42.734Z", "read_at": "2025-08-02T21:13:46.523Z"}}, {"model": "core.notification", "pk": 38, "fields": {"user": 2, "title": "Новый заказ", "message": "Получен новый заказ №8 в автосервис 'СТО40' на услугу 'Замена стоек стабилизатора' от клиента Вася Васильев. Требуется обработка.", "level": "info", "is_read": false, "is_deleted": false, "created_at": "2025-08-02T20:27:42.742Z", "read_at": null}}, {"model": "core.notification", "pk": 39, "fields": {"user": 3, "title": "Новый заказ", "message": "Получен новый заказ №8 в автосервис 'СТО40' на услугу 'Замена стоек стабилизатора' от клиента Вася Васильев. Требуется обработка.", "level": "info", "is_read": false, "is_deleted": false, "created_at": "2025-08-02T20:27:42.747Z", "read_at": null}}, {"model": "core.notification", "pk": 40, "fields": {"user": 5, "title": "Новый заказ", "message": "Получен новый заказ №8 в автосервис 'СТО40' на услугу 'Замена стоек стабилизатора' от клиента Вася Васильев. Требуется обработка.", "level": "info", "is_read": false, "is_deleted": false, "created_at": "2025-08-02T20:27:42.751Z", "read_at": null}}, {"model": "core.notification", "pk": 41, "fields": {"user": 7, "title": "Новое назначение", "message": "Вам назначен заказ №8 на услугу 'Замена стоек стабилизатора' в автосервисе 'СТО40' на 05.08.2025 в 10:00.", "level": "info", "is_read": false, "is_deleted": false, "created_at": "2025-08-02T20:29:31.519Z", "read_at": null}}, {"model": "core.notification", "pk": 42, "fields": {"user": 2, "title": "Назначен мастер", "message": "Заказ №8 назначен мастеру Армен Армянинов. Клиент: Вася Васильев.", "level": "info", "is_read": false, "is_deleted": false, "created_at": "2025-08-02T20:29:31.525Z", "read_at": null}}, {"model": "core.notification", "pk": 43, "fields": {"user": 7, "title": "Новое назначение", "message": "Вам назначен заказ №7 на услугу 'Замена стоек стабилизатора' в автосервисе 'СТО40' на 05.08.2025 в 10:00.", "level": "info", "is_read": false, "is_deleted": false, "created_at": "2025-08-02T20:29:55.303Z", "read_at": null}}, {"model": "core.notification", "pk": 44, "fields": {"user": 2, "title": "Назначен мастер", "message": "Заказ №7 назначен мастеру Армен Армянинов. Клиент: Вася Васильев.", "level": "info", "is_read": false, "is_deleted": false, "created_at": "2025-08-02T20:29:55.310Z", "read_at": null}}, {"model": "core.notification", "pk": 45, "fields": {"user": 8, "title": "Назначение в автосервис", "message": "Вы назначены мастером автосервиса 'СТО40'. Добро пожаловать в команду!", "level": "success", "is_read": false, "is_deleted": false, "created_at": "2025-08-02T21:24:34.010Z", "read_at": null}}, {"model": "core.notification", "pk": 46, "fields": {"user": 7, "title": "Новое назначение", "message": "Вам назначен заказ №8 на услугу 'Замена стоек стабилизатора' в автосервисе 'СТО40' на 05.08.2025 в 10:00.", "level": "info", "is_read": false, "is_deleted": false, "created_at": "2025-08-02T21:53:08.570Z", "read_at": null}}, {"model": "core.notification", "pk": 47, "fields": {"user": 2, "title": "Назначен мастер", "message": "Заказ №8 назначен мастеру Армен Армянинов. Клиент: Вася Васильев.", "level": "info", "is_read": false, "is_deleted": false, "created_at": "2025-08-02T21:53:08.577Z", "read_at": null}}, {"model": "core.notification", "pk": 48, "fields": {"user": 4, "title": "Заказ успешно создан", "message": "Ваш заказ №9 на услугу 'Замена сайлентблоков' в автосервисе 'СТО40' успешно создан. Мы свяжемся с вами для подтверждения.", "level": "success", "is_read": false, "is_deleted": false, "created_at": "2025-08-02T22:01:03.846Z", "read_at": null}}, {"model": "core.notification", "pk": 49, "fields": {"user": 2, "title": "Новый заказ", "message": "Получен новый заказ №9 в автосервис 'СТО40' на услугу 'Замена сайлентблоков' от клиента Вася Васильев. Требуется обработка.", "level": "info", "is_read": false, "is_deleted": false, "created_at": "2025-08-02T22:01:03.854Z", "read_at": null}}, {"model": "core.notification", "pk": 50, "fields": {"user": 3, "title": "Новый заказ", "message": "Получен новый заказ №9 в автосервис 'СТО40' на услугу 'Замена сайлентблоков' от клиента Вася Васильев. Требуется обработка.", "level": "info", "is_read": false, "is_deleted": false, "created_at": "2025-08-02T22:01:03.859Z", "read_at": null}}, {"model": "core.notification", "pk": 51, "fields": {"user": 5, "title": "Новый заказ", "message": "Получен новый заказ №9 в автосервис 'СТО40' на услугу 'Замена сайлентблоков' от клиента Вася Васильев. Требуется обработка.", "level": "info", "is_read": false, "is_deleted": false, "created_at": "2025-08-02T22:01:03.864Z", "read_at": null}}, {"model": "core.notification", "pk": 52, "fields": {"user": 1, "title": "Новый отзыв на модерацию", "message": "Пользователь Вася Васильев оставил отзыв об автосервисе 'СТО40'. Оценка: 5/5. Требуется модерация.", "level": "info", "is_read": false, "is_deleted": false, "created_at": "2025-08-03T17:46:09.506Z", "read_at": null}}, {"model": "core.workschedule", "pk": 1, "fields": {"master": 7, "schedule_type": "custom", "start_date": "2025-08-04", "end_date": "2025-08-10", "custom_days": "1,2,3,4,5", "start_time": "09:00:00", "end_time": "18:00:00", "is_active": true, "notes": "", "created_at": "2025-08-01T19:07:52.813Z", "updated_at": "2025-08-01T19:07:52.813Z"}}, {"model": "core.workschedule", "pk": 2, "fields": {"master": 7, "schedule_type": "weekly", "start_date": "2025-08-25", "end_date": "2025-08-29", "custom_days": "", "start_time": "09:00:00", "end_time": "18:00:00", "is_active": true, "notes": "", "created_at": "2025-08-01T19:27:40.156Z", "updated_at": "2025-08-01T19:27:40.157Z"}}, {"model": "core.workschedule", "pk": 3, "fields": {"master": 8, "schedule_type": "weekly", "start_date": "2025-08-04", "end_date": "2025-08-29", "custom_days": "", "start_time": "09:00:00", "end_time": "18:00:00", "is_active": true, "notes": "", "created_at": "2025-08-02T21:49:23.480Z", "updated_at": "2025-08-02T21:54:52.465Z"}}, {"model": "core.review", "pk": 2, "fields": {"author": 4, "review_type": "autoservice", "autoservice": 1, "reviewed_user": null, "service": null, "order": null, "rating": 5, "title": "Отличный автосервис", "text": "Крутой автосервис! Крутое обслуживание! Приезжайте сюда, не пожалеете!", "pros": "Обслуживание. Скорость работы! Качество супер!", "cons": "", "is_approved": false, "is_rejected": false, "approved_at": null, "rejected_at": null, "is_anonymous": false, "created_at": "2025-08-03T17:46:09.496Z", "updated_at": "2025-08-03T17:46:09.496Z", "moderated_at": null, "moderated_by": null}}, {"model": "users.user", "pk": 1, "fields": {"password": "pbkdf2_sha256$1000000$XesRWwXNlKWf3c4x5THoEI$vMxcGJowDKTTTXclAGoTZwcmLmUD0vcpE51uh8+DHpo=", "last_login": "2025-08-03T17:46:51.315Z", "is_superuser": true, "username": "admin", "is_staff": true, "is_active": true, "date_joined": "2025-07-12T21:51:39.030Z", "first_name": "Иван", "last_name": "Бунько", "email": "kodexx@bk.ru", "avatar": "users/avatars/29a130fb6b8bfcd980584858c2f094f3_gqxqcv1.jpg", "birth_date": null, "role": "super_admin", "previous_role": null, "autoservice": null, "phone": "", "groups": [], "user_permissions": []}}, {"model": "users.user", "pk": 2, "fields": {"password": "pbkdf2_sha256$1000000$n1zfRtU5jhlp3hyEDVT9lY$BmjRI3ZeTEqqe1SWqu3gO/kgBSeef7OvyM2hQfWyg44=", "last_login": "2025-07-31T20:07:24.056Z", "is_superuser": false, "username": "Админ40", "is_staff": false, "is_active": true, "date_joined": "2025-07-14T10:22:38.271Z", "first_name": "Степан", "last_name": "Степанов", "email": "bunko.ip@yandex.ru", "avatar": "users/avatars/default.png", "birth_date": null, "role": "autoservice_admin", "previous_role": null, "autoservice": 1, "phone": "", "groups": [], "user_permissions": []}}, {"model": "users.user", "pk": 3, "fields": {"password": "pbkdf2_sha256$1000000$fLEUPHtRzwbpkPd2Aba97i$GTbvfSVKALmd+R3jYEebvyUlypSJ7LJzri29wweLkFc=", "last_login": "2025-08-02T21:51:11.440Z", "is_superuser": false, "username": "Manager1", "is_staff": false, "is_active": true, "date_joined": "2025-07-14T10:23:02.888Z", "first_name": "Пупок", "last_name": "Пупкин", "email": "manager1@ya.ru", "avatar": "users/avatars/default.png", "birth_date": null, "role": "manager", "previous_role": null, "autoservice": 1, "phone": "", "groups": [], "user_permissions": []}}, {"model": "users.user", "pk": 4, "fields": {"password": "pbkdf2_sha256$1000000$iGNeabU5SIq8JsJuL9qzEC$295I3b0qsMhMeOgYIV89jwPn0xT1eMRPsunuBOQ14hI=", "last_login": "2025-08-02T22:17:53.010Z", "is_superuser": false, "username": "User1", "is_staff": false, "is_active": true, "date_joined": "2025-07-14T10:23:21.534Z", "first_name": "Вася", "last_name": "Васильев", "email": "user@ya.ru", "avatar": "users/avatars/default.png", "birth_date": null, "role": "client", "previous_role": "autoservice_admin", "autoservice": 3, "phone": "", "groups": [], "user_permissions": []}}, {"model": "users.user", "pk": 5, "fields": {"password": "pbkdf2_sha256$1000000$IoSaevhd5LgpqBRsD2wgUb$ehb4FFTdLlArfERGbIRyWtL8mcYCQbUiPEb05YVZlXU=", "last_login": "2025-07-27T16:48:53.535Z", "is_superuser": false, "username": "Manager2", "is_staff": false, "is_active": true, "date_joined": "2025-07-27T16:48:50.781Z", "first_name": "Сосок", "last_name": "Соскин", "email": "manager2@ya.ru", "avatar": "users/avatars/default.png", "birth_date": null, "role": "manager", "previous_role": null, "autoservice": 1, "phone": "", "groups": [], "user_permissions": []}}, {"model": "users.user", "pk": 6, "fields": {"password": "pbkdf2_sha256$1000000$9gkP2wTZDVCZVM0j7l5oQg$xM+jHn+ebkjNhZZj6x7GlaIJC2NorVXjSWqsdC/8lag=", "last_login": "2025-07-27T16:49:26.466Z", "is_superuser": false, "username": "Manager3", "is_staff": false, "is_active": true, "date_joined": "2025-07-27T16:49:23.663Z", "first_name": "Ресничка", "last_name": "Ресничкина", "email": "manager3@ya.ru", "avatar": "users/avatars/default.png", "birth_date": null, "role": "client", "previous_role": null, "autoservice": null, "phone": "", "groups": [], "user_permissions": []}}, {"model": "users.user", "pk": 7, "fields": {"password": "pbkdf2_sha256$1000000$3qHlTdnPWpAoKJISUz5rKB$W2csKppWkJFEKAhNIXShWcLIWDiwYXcV/qLf6eWouEw=", "last_login": "2025-07-31T20:56:59.581Z", "is_superuser": false, "username": "Master", "is_staff": false, "is_active": true, "date_joined": "2025-07-29T21:46:38.010Z", "first_name": "Армен", "last_name": "Армянинов", "email": "Master1@ya.ru", "avatar": "users/avatars/default.png", "birth_date": null, "role": "master", "previous_role": null, "autoservice": 1, "phone": "", "groups": [], "user_permissions": []}}, {"model": "users.user", "pk": 8, "fields": {"password": "pbkdf2_sha256$1000000$cjBQ08PwP3R9iRqfhj8t7D$xCGROxq4uIqQVydD936Q0XdeQMhmXDeYaSai0KcJsms=", "last_login": "2025-08-02T21:17:46.843Z", "is_superuser": false, "username": "Master2", "is_staff": false, "is_active": true, "date_joined": "2025-08-02T21:17:45.092Z", "first_name": "Василий", "last_name": "Васильев", "email": "master2@ya.ru", "avatar": "users/avatars/default.png", "birth_date": null, "role": "master", "previous_role": null, "autoservice": 1, "phone": "", "groups": [], "user_permissions": []}}]